<?xml version="1.0" encoding="UTF-8"?>
<!DOCTYPE hibernate-configuration PUBLIC
"-//Hibernate/Hibernate Configuration DTD 3.0//EN"
"http://www.hibernate.org/dtd/hibernate-configuration-3.0.dtd">
<hibernate-configuration>
  <session-factory>

    <property name="connection.driver_class">oracle.jdbc.OracleDriver</property>
    <property name="connection.url">jdbc:oracle:thin:@localhost:1521:xe</property>
    <property name="connection.username">scott</property>
    <property name="connection.password">tiger</property>


    <!-- JDBC connection pool (use the built-in) -->
    <property name="connection.pool_size">1</property>

    <!-- SQL dialect -->
    <property name="dialect">org.hibernate.dialect.Oracle10gDialect</property>


    <!-- Enable Hibernate's automatic session context management -->
    <property name="current_session_context_class">thread</property>
  
 <property name="cache.provider_class">org.hibernate.cache.EhCacheProvider</property>
 <property name="hibernate.cache.use_second_level_cache">true</property>
    <!-- Echo all executed SQL to stdout -->
    <property name="show_sql">true</property>

    <!-- Drop and re-create the database schema on startup 
    <property name="hbm2ddl.auto">update</property>-->
    <mapping resource="demo/dept.hbm.xml"/>   
  
  </session-factory>
</hibernate-configuration>
