<?xml version="1.0" encoding="UTF-8"?>
<!DOCTYPE hibernate-mapping PUBLIC
        "-//Hibernate/Hibernate Mapping DTD 3.0//EN"
        "hibernate-mapping-3.0.dtd">

<hibernate-mapping >
<class name="demo.Representative" 
		table="RTable">
	<id name="rno" column="rnoCol">
	</id>
	<property name="name" column="nameCol" length="10"></property>
	<property name="email" column="emailCol" length="20" ></property>
	<many-to-one cascade="all" name="comp"  column="cnoCol"></many-to-one>
    </class>
</hibernate-mapping>
