<?xml version="1.0" encoding="UTF-8"?>
<!DOCTYPE hibernate-mapping PUBLIC
        "-//Hibernate/Hibernate Mapping DTD 3.0//EN"
        "http://www.hibernate.org/dtd/hibernate-mapping-3.0.dtd">

<hibernate-mapping>
<class name="demo.Dept" table="deptTable">
	<cache usage="read-only" />
	<id name="deptno" column="deptnoCol"></id>
	<property name="dname" column="dnameCol" length="10"></property>
	<property name="loc" column="locCol" length="20"></property>
</class>
<query name="tst" cacheable="true"   cache-mode="get" >
	from Dept
</query>
</hibernate-mapping>
